{
    "datasets": [
        {
            "name": "Iris",
            "mfe": {
                "attr_conc.mean": 0.20980476831180148,
                "attr_conc.sd": 0.1195879817732128,
                "attr_ent.mean": 2.2771912775084115,
                "attr_ent.sd": 0.06103943244855649,
                "attr_to_inst": 0.02666666666666667,
                "cat_to_num": 0.0,
                "class_conc.mean": 0.27347384133126745,
                "class_conc.sd": 0.14091096327223987,
                "class_ent": 1.584962500721156,
                "eq_num_attr": 1.8780672345507194,
                "freq_class.mean": 0.3333333333333333,
                "freq_class.sd": 0.0,
                "inst_to_attr": 37.5,
                "joint_ent.mean": 3.0182209990602855,
                "joint_ent.sd": 0.3821875549207214,
                "mut_inf.mean": 0.8439327791692818,
                "mut_inf.sd": 0.4222019352579773,
                "nr_attr": 4.0,
                "nr_bin": 0.0,
                "nr_cat": 0.0,
                "nr_class": 3.0,
                "nr_inst": 150.0,
                "nr_num": 4.0,
                "ns_ratio": 1.698308838945616
            }
        },
        {
            "name": "Wine",
            "mfe": {
                "attr_conc.mean": 0.07605803751744881,
                "attr_conc.sd": 0.05145656932733277,
                "attr_ent.mean": 2.317270671174068,
                "attr_ent.sd": 0.008810632085191748,
                "attr_to_inst": 0.07303370786516854,
                "cat_to_num": 0.0,
                "class_conc.mean": 0.1528450520627143,
                "class_conc.sd": 0.07145112425991589,
                "class_ent": 1.5668222768551812,
                "eq_num_attr": 3.182758001633378,
                "freq_class.mean": 0.3333333333333333,
                "freq_class.sd": 0.06462709335856702,
                "inst_to_attr": 13.692307692307692,
                "joint_ent.mean": 3.391808496603444,
                "joint_ent.sd": 0.2331019435755677,
                "mut_inf.mean": 0.49228445142580574,
                "mut_inf.sd": 0.23706149243295327,
                "nr_attr": 13.0,
                "nr_bin": 0.0,
                "nr_cat": 0.0,
                "nr_class": 3.0,
                "nr_inst": 178.0,
                "nr_num": 13.0,
                "ns_ratio": 3.707178267488535
            }
        },
        {
            "name": "Breast Cancer",
            "mfe": {
                "attr_conc.mean": 0.08156893014799281,
                "attr_conc.sd": 0.16717191623958771,
                "attr_ent.mean": 2.999955970180525,
                "attr_ent.sd": 4.8835063889264575e-05,
                "attr_to_inst": 0.05272407732864675,
                "cat_to_num": 0.0,
                "class_conc.mean": 0.05158464086252799,
                "class_conc.sd": 0.03583982015886094,
                "class_ent": 0.9526351224018599,
                "eq_num_attr": 3.1052455419256693,
                "freq_class.mean": 0.5,
                "freq_class.sd": 0.18019417095263515,
                "inst_to_attr": 18.966666666666665,
                "joint_ent.mean": 3.6458085500942636,
                "joint_ent.sd": 0.22568425948582174,
                "mut_inf.mean": 0.306782542488121,
                "mut_inf.sd": 0.22569828738894582,
                "nr_attr": 30.0,
                "nr_bin": 0.0,
                "nr_cat": 0.0,
                "nr_class": 2.0,
                "nr_inst": 569.0,
                "nr_num": 30.0,
                "ns_ratio": 8.778770153770036
            }
        },
        {
            "name": "Diabetes",
            "mfe": {
                "attr_conc.mean": 0.028840438796475666,
                "attr_conc.sd": 0.03211053699372291,
                "attr_ent.mean": 2.958105757854844,
                "attr_ent.sd": 0.34168940624694744,
                "attr_to_inst": 0.010416666666666666,
                "cat_to_num": 0.0,
                "class_conc.mean": 0.01248981695807782,
                "class_conc.sd": 0.008523298017724572,
                "class_ent": 0.9331343166407832,
                "eq_num_attr": 12.954877983803843,
                "freq_class.mean": 0.5,
                "freq_class.sd": 0.21360517348343622,
                "inst_to_attr": 96.0,
                "joint_ent.mean": 3.8192105024836493,
                "joint_ent.sd": 0.3357632924270967,
                "mut_inf.mean": 0.07202957201197768,
                "mut_inf.sd": 0.05160877219809383,
                "nr_attr": 8.0,
                "nr_bin": 0.0,
                "nr_cat": 0.0,
                "nr_class": 2.0,
                "nr_inst": 768.0,
                "nr_num": 8.0,
                "ns_ratio": 40.06793467220582
            }
        },
        {
            "name": "BankNote",
            "mfe": {
                "attr_conc.mean": 0.07073367549921593,
                "attr_conc.sd": 0.03808910374616643,
                "attr_ent.mean": 3.4594097747073844,
                "attr_ent.sd": 1.6114746737255955e-05,
                "attr_to_inst": 0.0029154518950437317,
                "cat_to_num": 0.0,
                "class_conc.mean": 0.024286779730748016,
                "class_conc.sd": 0.024028284464771867,
                "class_ent": 0.9911281257467459,
                "eq_num_attr": 4.650453395733756,
                "freq_class.mean": 0.5,
                "freq_class.sd": 0.07833836059792652,
                "inst_to_attr": 343.0,
                "joint_ent.mean": 4.2374128476031565,
                "joint_ent.sd": 0.22353036055417838,
                "mut_inf.mean": 0.2131250528509735,
                "mut_inf.sd": 0.22354371307580517,
                "nr_attr": 4.0,
                "nr_bin": 0.0,
                "nr_cat": 0.0,
                "nr_class": 2.0,
                "nr_inst": 1372.0,
                "nr_num": 4.0,
                "ns_ratio": 15.231830694847298
            }
        },
        {
            "name": "Glass",
            "mfe": {
                "attr_conc.mean": 0.08646069983674642,
                "attr_conc.sd": 0.06958254586990041,
                "attr_ent.mean": 2.0168573913192267,
                "attr_ent.sd": 0.620017868913917,
                "attr_to_inst": 0.04205607476635514,
                "cat_to_num": 0.0,
                "class_conc.mean": 0.17215668455304822,
                "class_conc.sd": 0.1535834270241933,
                "class_ent": 2.1765339923982006,
                "eq_num_attr": 6.175966711718482,
                "freq_class.mean": 0.16666666666666663,
                "freq_class.sd": 0.13898760091092968,
                "inst_to_attr": 23.77777777777778,
                "joint_ent.mean": 3.840971415476929,
                "joint_ent.sd": 0.5697344535835459,
                "mut_inf.mean": 0.35241996824049804,
                "mut_inf.sd": 0.14905199270121083,
                "nr_attr": 9.0,
                "nr_bin": 0.0,
                "nr_cat": 0.0,
                "nr_class": 6.0,
                "nr_inst": 214.0,
                "nr_num": 9.0,
                "ns_ratio": 4.722880577365256
            }
        },
        {
            "name": "IndianLiver",
            "mfe": {
                "attr_conc.mean": 0.08824324010922074,
                "attr_conc.sd": 0.1642124724453355,
                "attr_ent.mean": 2.381757029490394,
                "attr_ent.sd": 1.0847537410875903,
                "attr_to_inst": 0.017152658662092625,
                "cat_to_num": 0.0,
                "class_conc.mean": 0.061421784244719856,
                "class_conc.sd": 0.15432932072387165,
                "class_ent": 0.8640904272487623,
                "eq_num_attr": 17.118946878030346,
                "freq_class.mean": 0.5,
                "freq_class.sd": 0.30200615525806235,
                "inst_to_attr": 58.3,
                "joint_ent.mean": 3.1953717800865413,
                "joint_ent.sd": 1.0639848907591336,